text,sentiment
Exceeded my expectations!,positive
I regret buying this.,negative
Exceeded my expectations!,positive
I love this product!,positive
Really happy with the purchase.,positive
I regret buying this.,negative
I hate this product.,negative
"Very bad experience, do not buy.",negative
Really happy with the purchase.,positive
Extremely poor performance.,negative
Superb service and excellent quality.,positive
Great quality and amazing performance.,positive
Extremely poor performance.,negative
Not worth the money at all.,negative
I love this product!,positive
Worst quality I have ever seen.,negative
Absolutely fantastic experience.,positive
"Brilliant product, will buy again.",positive
Pathetic service and product.,negative
I regret buying this.,negative
Worst quality I have ever seen.,negative
Really happy with the purchase.,positive
Very satisfying and worth the money.,positive
I love this product!,positive
Very satisfying and worth the money.,positive
I love this product!,positive
"Brilliant product, will buy again.",positive
"Very bad experience, do not buy.",negative
Absolutely fantastic experience.,positive
Worst quality I have ever seen.,negative
I love this product!,positive
Great quality and amazing performance.,positive
Totally impressed with this.,positive
I hate this product.,negative
Not worth the money at all.,negative
I regret buying this.,negative
Superb service and excellent quality.,positive
Not worth the money at all.,negative
Completely unsatisfied and frustrated.,negative
Exceeded my expectations!,positive
Superb service and excellent quality.,positive
Totally impressed with this.,positive
Not worth the money at all.,negative
Great quality and amazing performance.,positive
"Very bad experience, do not buy.",negative
I love this product!,positive
Pathetic service and product.,negative
"Brilliant product, will buy again.",positive
Completely unsatisfied and frustrated.,negative
Great quality and amazing performance.,positive
Pathetic service and product.,negative
Totally impressed with this.,positive
Worst quality I have ever seen.,negative
I regret buying this.,negative
Completely unsatisfied and frustrated.,negative
Great quality and amazing performance.,positive
Highly recommend this to everyone.,positive
Great quality and amazing performance.,positive
Really happy with the purchase.,positive
Pathetic service and product.,negative
Absolutely fantastic experience.,positive
Pathetic service and product.,negative
I love this product!,positive
Waste of time and money.,negative
I hate this product.,negative
Superb service and excellent quality.,positive
Waste of time and money.,negative
Exceeded my expectations!,positive
Exceeded my expectations!,positive
Highly recommend this to everyone.,positive
I regret buying this.,negative
I hate this product.,negative
"Brilliant product, will buy again.",positive
Totally impressed with this.,positive
"Brilliant product, will buy again.",positive
Highly recommend this to everyone.,positive
Pathetic service and product.,negative
"Brilliant product, will buy again.",positive
"Brilliant product, will buy again.",positive
Totally impressed with this.,positive
Absolutely fantastic experience.,positive
Exceeded my expectations!,positive
I regret buying this.,negative
Great quality and amazing performance.,positive
Absolutely fantastic experience.,positive
Really happy with the purchase.,positive
I hate this product.,negative
I love this product!,positive
Waste of time and money.,negative
Completely unsatisfied and frustrated.,negative
"Very bad experience, do not buy.",negative
Great quality and amazing performance.,positive
Exceeded my expectations!,positive
Pathetic service and product.,negative
Superb service and excellent quality.,positive
Exceeded my expectations!,positive
Not worth the money at all.,negative
Exceeded my expectations!,positive
Completely unsatisfied and frustrated.,negative
"Terrible experience, very disappointed.",negative
Worst quality I have ever seen.,negative
Not worth the money at all.,negative
Extremely poor performance.,negative
Exceeded my expectations!,positive
"Terrible experience, very disappointed.",negative
Absolutely fantastic experience.,positive
I love this product!,positive
Absolutely fantastic experience.,positive
Highly recommend this to everyone.,positive
"Terrible experience, very disappointed.",negative
Totally impressed with this.,positive
"Brilliant product, will buy again.",positive
"Brilliant product, will buy again.",positive
I hate this product.,negative
Waste of time and money.,negative
Superb service and excellent quality.,positive
Extremely poor performance.,negative
"Terrible experience, very disappointed.",negative
"Very bad experience, do not buy.",negative
I regret buying this.,negative
Pathetic service and product.,negative
Exceeded my expectations!,positive
Pathetic service and product.,negative
Pathetic service and product.,negative
Superb service and excellent quality.,positive
Worst quality I have ever seen.,negative
Worst quality I have ever seen.,negative
Exceeded my expectations!,positive
Really happy with the purchase.,positive
Not worth the money at all.,negative
Exceeded my expectations!,positive
I love this product!,positive
Absolutely fantastic experience.,positive
Great quality and amazing performance.,positive
"Terrible experience, very disappointed.",negative
"Brilliant product, will buy again.",positive
"Very bad experience, do not buy.",negative
Great quality and amazing performance.,positive
Not worth the money at all.,negative
Very satisfying and worth the money.,positive
Highly recommend this to everyone.,positive
"Very bad experience, do not buy.",negative
Highly recommend this to everyone.,positive
Pathetic service and product.,negative
Pathetic service and product.,negative
Pathetic service and product.,negative
Really happy with the purchase.,positive
Completely unsatisfied and frustrated.,negative
Worst quality I have ever seen.,negative
Superb service and excellent quality.,positive
Superb service and excellent quality.,positive
I regret buying this.,negative
Totally impressed with this.,positive
I regret buying this.,negative
Extremely poor performance.,negative
Completely unsatisfied and frustrated.,negative
Absolutely fantastic experience.,positive
Exceeded my expectations!,positive
Highly recommend this to everyone.,positive
"Terrible experience, very disappointed.",negative
"Terrible experience, very disappointed.",negative
Waste of time and money.,negative
"Very bad experience, do not buy.",negative
"Terrible experience, very disappointed.",negative
Exceeded my expectations!,positive
Totally impressed with this.,positive
"Terrible experience, very disappointed.",negative
I regret buying this.,negative
Really happy with the purchase.,positive
Completely unsatisfied and frustrated.,negative
Really happy with the purchase.,positive
I hate this product.,negative
Highly recommend this to everyone.,positive
"Brilliant product, will buy again.",positive
Superb service and excellent quality.,positive
Great quality and amazing performance.,positive
Very satisfying and worth the money.,positive
Great quality and amazing performance.,positive
Not worth the money at all.,negative
I love this product!,positive
I hate this product.,negative
Exceeded my expectations!,positive
I hate this product.,negative
Great quality and amazing performance.,positive
Completely unsatisfied and frustrated.,negative
"Brilliant product, will buy again.",positive
"Very bad experience, do not buy.",negative
Pathetic service and product.,negative
Absolutely fantastic experience.,positive
Really happy with the purchase.,positive
"Brilliant product, will buy again.",positive
Really happy with the purchase.,positive
"Very bad experience, do not buy.",negative
"Very bad experience, do not buy.",negative
Great quality and amazing performance.,positive
Totally impressed with this.,positive
Pathetic service and product.,negative
"Terrible experience, very disappointed.",negative
Really happy with the purchase.,positive
Highly recommend this to everyone.,positive
I love this product!,positive
Worst quality I have ever seen.,negative
Exceeded my expectations!,positive
Extremely poor performance.,negative
Exceeded my expectations!,positive
I hate this product.,negative
Worst quality I have ever seen.,negative
"Terrible experience, very disappointed.",negative
Absolutely fantastic experience.,positive
Really happy with the purchase.,positive
Exceeded my expectations!,positive
Superb service and excellent quality.,positive
Very satisfying and worth the money.,positive
Very satisfying and worth the money.,positive
Absolutely fantastic experience.,positive
Highly recommend this to everyone.,positive
Pathetic service and product.,negative
Waste of time and money.,negative
Absolutely fantastic experience.,positive
"Terrible experience, very disappointed.",negative
Worst quality I have ever seen.,negative
Completely unsatisfied and frustrated.,negative
"Brilliant product, will buy again.",positive
I hate this product.,negative
"Brilliant product, will buy again.",positive
Absolutely fantastic experience.,positive
"Terrible experience, very disappointed.",negative
Not worth the money at all.,negative
I regret buying this.,negative
Waste of time and money.,negative
Exceeded my expectations!,positive
Very satisfying and worth the money.,positive
"Brilliant product, will buy again.",positive
"Very bad experience, do not buy.",negative
Exceeded my expectations!,positive
I love this product!,positive
Not worth the money at all.,negative
Completely unsatisfied and frustrated.,negative
Absolutely fantastic experience.,positive
I love this product!,positive
"Brilliant product, will buy again.",positive
Waste of time and money.,negative
Absolutely fantastic experience.,positive
I hate this product.,negative
Exceeded my expectations!,positive
I love this product!,positive
Worst quality I have ever seen.,negative
"Brilliant product, will buy again.",positive
Superb service and excellent quality.,positive
I love this product!,positive
I hate this product.,negative
Completely unsatisfied and frustrated.,negative
Superb service and excellent quality.,positive
Absolutely fantastic experience.,positive
Pathetic service and product.,negative
I regret buying this.,negative
Completely unsatisfied and frustrated.,negative
"Terrible experience, very disappointed.",negative
Highly recommend this to everyone.,positive
Pathetic service and product.,negative
Worst quality I have ever seen.,negative
"Terrible experience, very disappointed.",negative
I hate this product.,negative
Totally impressed with this.,positive
Superb service and excellent quality.,positive
Very satisfying and worth the money.,positive
Very satisfying and worth the money.,positive
I love this product!,positive
"Very bad experience, do not buy.",negative
Not worth the money at all.,negative
I hate this product.,negative
Exceeded my expectations!,positive
Not worth the money at all.,negative
"Terrible experience, very disappointed.",negative
Great quality and amazing performance.,positive
I hate this product.,negative
Highly recommend this to everyone.,positive
Great quality and amazing performance.,positive
Great quality and amazing performance.,positive
"Very bad experience, do not buy.",negative
Pathetic service and product.,negative
"Very bad experience, do not buy.",negative
Not worth the money at all.,negative
Exceeded my expectations!,positive
Great quality and amazing performance.,positive
"Brilliant product, will buy again.",positive
Completely unsatisfied and frustrated.,negative
Superb service and excellent quality.,positive
Great quality and amazing performance.,positive
I hate this product.,negative
Really happy with the purchase.,positive
Great quality and amazing performance.,positive
"Terrible experience, very disappointed.",negative
Great quality and amazing performance.,positive
I hate this product.,negative
"Terrible experience, very disappointed.",negative
Completely unsatisfied and frustrated.,negative
I regret buying this.,negative
"Very bad experience, do not buy.",negative
Absolutely fantastic experience.,positive
Really happy with the purchase.,positive
Completely unsatisfied and frustrated.,negative
Pathetic service and product.,negative
"Very bad experience, do not buy.",negative
Superb service and excellent quality.,positive
Really happy with the purchase.,positive
Worst quality I have ever seen.,negative
Absolutely fantastic experience.,positive
Totally impressed with this.,positive
I love this product!,positive
"Brilliant product, will buy again.",positive
Very satisfying and worth the money.,positive
Completely unsatisfied and frustrated.,negative
Superb service and excellent quality.,positive
Very satisfying and worth the money.,positive
"Very bad experience, do not buy.",negative
"Brilliant product, will buy again.",positive
Completely unsatisfied and frustrated.,negative
I love this product!,positive
"Terrible experience, very disappointed.",negative
I love this product!,positive
Worst quality I have ever seen.,negative
I hate this product.,negative
Superb service and excellent quality.,positive
Absolutely fantastic experience.,positive
Pathetic service and product.,negative
Completely unsatisfied and frustrated.,negative
Superb service and excellent quality.,positive
"Brilliant product, will buy again.",positive
Really happy with the purchase.,positive
Not worth the money at all.,negative
Very satisfying and worth the money.,positive
Superb service and excellent quality.,positive
I love this product!,positive
Waste of time and money.,negative
"Very bad experience, do not buy.",negative
"Very bad experience, do not buy.",negative
Extremely poor performance.,negative
Superb service and excellent quality.,positive
I hate this product.,negative
Not worth the money at all.,negative
Not worth the money at all.,negative
Totally impressed with this.,positive
Great quality and amazing performance.,positive
Totally impressed with this.,positive
Pathetic service and product.,negative
Completely unsatisfied and frustrated.,negative
Great quality and amazing performance.,positive
Worst quality I have ever seen.,negative
Exceeded my expectations!,positive
"Terrible experience, very disappointed.",negative
Highly recommend this to everyone.,positive
Waste of time and money.,negative
I hate this product.,negative
I hate this product.,negative
Really happy with the purchase.,positive
"Very bad experience, do not buy.",negative
Absolutely fantastic experience.,positive
Absolutely fantastic experience.,positive
"Brilliant product, will buy again.",positive
Worst quality I have ever seen.,negative
I love this product!,positive
I regret buying this.,negative
Pathetic service and product.,negative
Completely unsatisfied and frustrated.,negative
Pathetic service and product.,negative
I hate this product.,negative
Very satisfying and worth the money.,positive
Completely unsatisfied and frustrated.,negative
Not worth the money at all.,negative
I hate this product.,negative
I love this product!,positive
Really happy with the purchase.,positive
Absolutely fantastic experience.,positive
I hate this product.,negative
Totally impressed with this.,positive
Exceeded my expectations!,positive
I regret buying this.,negative
Really happy with the purchase.,positive
Extremely poor performance.,negative
Totally impressed with this.,positive
"Terrible experience, very disappointed.",negative
Extremely poor performance.,negative
I hate this product.,negative
Exceeded my expectations!,positive
Worst quality I have ever seen.,negative
"Terrible experience, very disappointed.",negative
Waste of time and money.,negative
Completely unsatisfied and frustrated.,negative
Really happy with the purchase.,positive
Really happy with the purchase.,positive
Great quality and amazing performance.,positive
Extremely poor performance.,negative
"Terrible experience, very disappointed.",negative
I regret buying this.,negative
Completely unsatisfied and frustrated.,negative
Totally impressed with this.,positive
Great quality and amazing performance.,positive
Superb service and excellent quality.,positive
Totally impressed with this.,positive
"Terrible experience, very disappointed.",negative
I love this product!,positive
I regret buying this.,negative
"Brilliant product, will buy again.",positive
Great quality and amazing performance.,positive
"Brilliant product, will buy again.",positive
"Very bad experience, do not buy.",negative
Waste of time and money.,negative
Exceeded my expectations!,positive
Very satisfying and worth the money.,positive
"Terrible experience, very disappointed.",negative
Great quality and amazing performance.,positive
I love this product!,positive
Absolutely fantastic experience.,positive
Extremely poor performance.,negative
Extremely poor performance.,negative
Very satisfying and worth the money.,positive
Pathetic service and product.,negative
"Very bad experience, do not buy.",negative
"Terrible experience, very disappointed.",negative
I love this product!,positive
Very satisfying and worth the money.,positive
Pathetic service and product.,negative
I regret buying this.,negative
Great quality and amazing performance.,positive
I love this product!,positive
Not worth the money at all.,negative
Really happy with the purchase.,positive
Exceeded my expectations!,positive
Very satisfying and worth the money.,positive
Very satisfying and worth the money.,positive
I love this product!,positive
Really happy with the purchase.,positive
Exceeded my expectations!,positive
Highly recommend this to everyone.,positive
I hate this product.,negative
Completely unsatisfied and frustrated.,negative
Waste of time and money.,negative
Waste of time and money.,negative
Pathetic service and product.,negative
"Brilliant product, will buy again.",positive
Completely unsatisfied and frustrated.,negative
Waste of time and money.,negative
Exceeded my expectations!,positive
Exceeded my expectations!,positive
I hate this product.,negative
Superb service and excellent quality.,positive
"Terrible experience, very disappointed.",negative
"Brilliant product, will buy again.",positive
Superb service and excellent quality.,positive
Great quality and amazing performance.,positive
I regret buying this.,negative
Pathetic service and product.,negative
I regret buying this.,negative
Worst quality I have ever seen.,negative
Pathetic service and product.,negative
Really happy with the purchase.,positive
Completely unsatisfied and frustrated.,negative
Waste of time and money.,negative
Waste of time and money.,negative
Superb service and excellent quality.,positive
Not worth the money at all.,negative
Really happy with the purchase.,positive
"Very bad experience, do not buy.",negative
"Very bad experience, do not buy.",negative
"Terrible experience, very disappointed.",negative
Very satisfying and worth the money.,positive
Not worth the money at all.,negative
"Very bad experience, do not buy.",negative
Completely unsatisfied and frustrated.,negative
Exceeded my expectations!,positive
Very satisfying and worth the money.,positive
Great quality and amazing performance.,positive
"Very bad experience, do not buy.",negative
"Very bad experience, do not buy.",negative
Superb service and excellent quality.,positive
Not worth the money at all.,negative
I hate this product.,negative
Really happy with the purchase.,positive
"Very bad experience, do not buy.",negative
Very satisfying and worth the money.,positive
Pathetic service and product.,negative
Really happy with the purchase.,positive
I regret buying this.,negative
Superb service and excellent quality.,positive
I hate this product.,negative
Great quality and amazing performance.,positive
Superb service and excellent quality.,positive
Exceeded my expectations!,positive
Great quality and amazing performance.,positive
I love this product!,positive
"Very bad experience, do not buy.",negative
Waste of time and money.,negative
Waste of time and money.,negative
"Very bad experience, do not buy.",negative
Waste of time and money.,negative
Superb service and excellent quality.,positive
Totally impressed with this.,positive
"Very bad experience, do not buy.",negative
Great quality and amazing performance.,positive
Not worth the money at all.,negative
Highly recommend this to everyone.,positive
I hate this product.,negative
Absolutely fantastic experience.,positive
Worst quality I have ever seen.,negative
Absolutely fantastic experience.,positive
Exceeded my expectations!,positive
Great quality and amazing performance.,positive
Superb service and excellent quality.,positive
Totally impressed with this.,positive
Very satisfying and worth the money.,positive
Not worth the money at all.,negative
"Brilliant product, will buy again.",positive
Great quality and amazing performance.,positive
I hate this product.,negative
I regret buying this.,negative
I hate this product.,negative
Extremely poor performance.,negative
"Terrible experience, very disappointed.",negative
"Very bad experience, do not buy.",negative
Exceeded my expectations!,positive
Completely unsatisfied and frustrated.,negative
Great quality and amazing performance.,positive
Completely unsatisfied and frustrated.,negative
Not worth the money at all.,negative
Very satisfying and worth the money.,positive
Very satisfying and worth the money.,positive
"Very bad experience, do not buy.",negative
Really happy with the purchase.,positive
Very satisfying and worth the money.,positive
Highly recommend this to everyone.,positive
Not worth the money at all.,negative
Extremely poor performance.,negative
"Terrible experience, very disappointed.",negative
I regret buying this.,negative
Totally impressed with this.,positive
I hate this product.,negative
I regret buying this.,negative
I regret buying this.,negative
I hate this product.,negative
Absolutely fantastic experience.,positive
I hate this product.,negative
Very satisfying and worth the money.,positive
Very satisfying and worth the money.,positive
Waste of time and money.,negative
Pathetic service and product.,negative
Absolutely fantastic experience.,positive
Totally impressed with this.,positive
Really happy with the purchase.,positive
Worst quality I have ever seen.,negative
I love this product!,positive
Completely unsatisfied and frustrated.,negative
Not worth the money at all.,negative
I regret buying this.,negative
I regret buying this.,negative
Completely unsatisfied and frustrated.,negative
Great quality and amazing performance.,positive
Completely unsatisfied and frustrated.,negative
Extremely poor performance.,negative
"Terrible experience, very disappointed.",negative
Totally impressed with this.,positive
Very satisfying and worth the money.,positive
"Brilliant product, will buy again.",positive
"Very bad experience, do not buy.",negative
Completely unsatisfied and frustrated.,negative
Not worth the money at all.,negative
Absolutely fantastic experience.,positive
"Very bad experience, do not buy.",negative
Exceeded my expectations!,positive
I hate this product.,negative
Pathetic service and product.,negative
Pathetic service and product.,negative
Totally impressed with this.,positive
Extremely poor performance.,negative
"Terrible experience, very disappointed.",negative
Pathetic service and product.,negative
Really happy with the purchase.,positive
"Terrible experience, very disappointed.",negative
Great quality and amazing performance.,positive
"Terrible experience, very disappointed.",negative
Very satisfying and worth the money.,positive
Highly recommend this to everyone.,positive
I love this product!,positive
Not worth the money at all.,negative
"Terrible experience, very disappointed.",negative
Waste of time and money.,negative
Really happy with the purchase.,positive
Highly recommend this to everyone.,positive
Really happy with the purchase.,positive
Exceeded my expectations!,positive
Waste of time and money.,negative
Absolutely fantastic experience.,positive
Superb service and excellent quality.,positive
Not worth the money at all.,negative
"Very bad experience, do not buy.",negative
Waste of time and money.,negative
Absolutely fantastic experience.,positive
Superb service and excellent quality.,positive
I hate this product.,negative
Superb service and excellent quality.,positive
I love this product!,positive
"Very bad experience, do not buy.",negative
Worst quality I have ever seen.,negative
Very satisfying and worth the money.,positive
Extremely poor performance.,negative
Waste of time and money.,negative
Absolutely fantastic experience.,positive
Really happy with the purchase.,positive
Superb service and excellent quality.,positive
Waste of time and money.,negative
"Terrible experience, very disappointed.",negative
Extremely poor performance.,negative
Great quality and amazing performance.,positive
"Very bad experience, do not buy.",negative
Completely unsatisfied and frustrated.,negative
I love this product!,positive
Completely unsatisfied and frustrated.,negative
Really happy with the purchase.,positive
Pathetic service and product.,negative
Waste of time and money.,negative
I love this product!,positive
"Terrible experience, very disappointed.",negative
Highly recommend this to everyone.,positive
Pathetic service and product.,negative
"Very bad experience, do not buy.",negative
Totally impressed with this.,positive
Highly recommend this to everyone.,positive
Exceeded my expectations!,positive
I hate this product.,negative
Pathetic service and product.,negative
Completely unsatisfied and frustrated.,negative
Not worth the money at all.,negative
Completely unsatisfied and frustrated.,negative
Exceeded my expectations!,positive
Great quality and amazing performance.,positive
Superb service and excellent quality.,positive
"Brilliant product, will buy again.",positive
Highly recommend this to everyone.,positive
"Brilliant product, will buy again.",positive
Absolutely fantastic experience.,positive
Exceeded my expectations!,positive
"Terrible experience, very disappointed.",negative
Extremely poor performance.,negative
Superb service and excellent quality.,positive
"Very bad experience, do not buy.",negative
I hate this product.,negative
Exceeded my expectations!,positive
Absolutely fantastic experience.,positive
Extremely poor performance.,negative
I regret buying this.,negative
Totally impressed with this.,positive
I regret buying this.,negative
Totally impressed with this.,positive
Absolutely fantastic experience.,positive
Worst quality I have ever seen.,negative
Extremely poor performance.,negative
Highly recommend this to everyone.,positive
I hate this product.,negative
Very satisfying and worth the money.,positive
Exceeded my expectations!,positive
I regret buying this.,negative
Great quality and amazing performance.,positive
"Very bad experience, do not buy.",negative
Superb service and excellent quality.,positive
"Terrible experience, very disappointed.",negative
Great quality and amazing performance.,positive
Totally impressed with this.,positive
Not worth the money at all.,negative
"Brilliant product, will buy again.",positive
Not worth the money at all.,negative
Not worth the money at all.,negative
Not worth the money at all.,negative
Superb service and excellent quality.,positive
"Terrible experience, very disappointed.",negative
Great quality and amazing performance.,positive
"Brilliant product, will buy again.",positive
Pathetic service and product.,negative
Highly recommend this to everyone.,positive
Waste of time and money.,negative
Totally impressed with this.,positive
Totally impressed with this.,positive
"Brilliant product, will buy again.",positive
Completely unsatisfied and frustrated.,negative
I regret buying this.,negative
Exceeded my expectations!,positive
Worst quality I have ever seen.,negative
Absolutely fantastic experience.,positive
I hate this product.,negative
Highly recommend this to everyone.,positive
Very satisfying and worth the money.,positive
Waste of time and money.,negative
Waste of time and money.,negative
Worst quality I have ever seen.,negative
I hate this product.,negative
Completely unsatisfied and frustrated.,negative
Really happy with the purchase.,positive
Pathetic service and product.,negative
Completely unsatisfied and frustrated.,negative
Exceeded my expectations!,positive
I regret buying this.,negative
Worst quality I have ever seen.,negative
Really happy with the purchase.,positive
"Terrible experience, very disappointed.",negative
Very satisfying and worth the money.,positive
Really happy with the purchase.,positive
Pathetic service and product.,negative
I hate this product.,negative
"Brilliant product, will buy again.",positive
Great quality and amazing performance.,positive
"Brilliant product, will buy again.",positive
Highly recommend this to everyone.,positive
Really happy with the purchase.,positive
Completely unsatisfied and frustrated.,negative
I regret buying this.,negative
Absolutely fantastic experience.,positive
"Very bad experience, do not buy.",negative
I hate this product.,negative
"Terrible experience, very disappointed.",negative
"Very bad experience, do not buy.",negative
I love this product!,positive
Really happy with the purchase.,positive
Waste of time and money.,negative
Waste of time and money.,negative
Not worth the money at all.,negative
I regret buying this.,negative
Very satisfying and worth the money.,positive
Absolutely fantastic experience.,positive
Pathetic service and product.,negative
Great quality and amazing performance.,positive
Not worth the money at all.,negative
Completely unsatisfied and frustrated.,negative
Very satisfying and worth the money.,positive
Absolutely fantastic experience.,positive
Great quality and amazing performance.,positive
Not worth the money at all.,negative
Absolutely fantastic experience.,positive
Totally impressed with this.,positive
Great quality and amazing performance.,positive
Highly recommend this to everyone.,positive
Not worth the money at all.,negative
I love this product!,positive
I regret buying this.,negative
Superb service and excellent quality.,positive
I hate this product.,negative
I hate this product.,negative
I love this product!,positive
I hate this product.,negative
Highly recommend this to everyone.,positive
Extremely poor performance.,negative
Not worth the money at all.,negative
I hate this product.,negative
Very satisfying and worth the money.,positive
Really happy with the purchase.,positive
Superb service and excellent quality.,positive
Exceeded my expectations!,positive
"Brilliant product, will buy again.",positive
I love this product!,positive
"Terrible experience, very disappointed.",negative
Great quality and amazing performance.,positive
Worst quality I have ever seen.,negative
I love this product!,positive
I regret buying this.,negative
Totally impressed with this.,positive
Completely unsatisfied and frustrated.,negative
Waste of time and money.,negative
Very satisfying and worth the money.,positive
Completely unsatisfied and frustrated.,negative
Totally impressed with this.,positive
"Brilliant product, will buy again.",positive
"Terrible experience, very disappointed.",negative
I regret buying this.,negative
"Very bad experience, do not buy.",negative
Completely unsatisfied and frustrated.,negative
Extremely poor performance.,negative
I regret buying this.,negative
Not worth the money at all.,negative
Extremely poor performance.,negative
I regret buying this.,negative
Exceeded my expectations!,positive
"Brilliant product, will buy again.",positive
Absolutely fantastic experience.,positive
Very satisfying and worth the money.,positive
Pathetic service and product.,negative
Completely unsatisfied and frustrated.,negative
I regret buying this.,negative
Very satisfying and worth the money.,positive
Very satisfying and worth the money.,positive
Totally impressed with this.,positive
I love this product!,positive
Totally impressed with this.,positive
I hate this product.,negative
Very satisfying and worth the money.,positive
I regret buying this.,negative
Exceeded my expectations!,positive
"Very bad experience, do not buy.",negative
Superb service and excellent quality.,positive
"Terrible experience, very disappointed.",negative
"Terrible experience, very disappointed.",negative
Waste of time and money.,negative
Superb service and excellent quality.,positive
"Brilliant product, will buy again.",positive
Not worth the money at all.,negative
Exceeded my expectations!,positive
Not worth the money at all.,negative
"Very bad experience, do not buy.",negative
Extremely poor performance.,negative
Exceeded my expectations!,positive
Highly recommend this to everyone.,positive
Great quality and amazing performance.,positive
Exceeded my expectations!,positive
Not worth the money at all.,negative
Completely unsatisfied and frustrated.,negative
"Brilliant product, will buy again.",positive
Totally impressed with this.,positive
Completely unsatisfied and frustrated.,negative
Really happy with the purchase.,positive
Waste of time and money.,negative
Pathetic service and product.,negative
Completely unsatisfied and frustrated.,negative
I regret buying this.,negative
Extremely poor performance.,negative
Worst quality I have ever seen.,negative
Great quality and amazing performance.,positive
Pathetic service and product.,negative
I love this product!,positive
Great quality and amazing performance.,positive
Waste of time and money.,negative
Worst quality I have ever seen.,negative
Highly recommend this to everyone.,positive
Highly recommend this to everyone.,positive
Exceeded my expectations!,positive
Really happy with the purchase.,positive
I love this product!,positive
Completely unsatisfied and frustrated.,negative
Completely unsatisfied and frustrated.,negative
Absolutely fantastic experience.,positive
Absolutely fantastic experience.,positive
I hate this product.,negative
Completely unsatisfied and frustrated.,negative
I love this product!,positive
Superb service and excellent quality.,positive
"Terrible experience, very disappointed.",negative
Great quality and amazing performance.,positive
Highly recommend this to everyone.,positive
Waste of time and money.,negative
Worst quality I have ever seen.,negative
Absolutely fantastic experience.,positive
Waste of time and money.,negative
Very satisfying and worth the money.,positive
I love this product!,positive
Worst quality I have ever seen.,negative
Pathetic service and product.,negative
Extremely poor performance.,negative
Pathetic service and product.,negative
I regret buying this.,negative
Waste of time and money.,negative
Totally impressed with this.,positive
"Very bad experience, do not buy.",negative
"Brilliant product, will buy again.",positive
Highly recommend this to everyone.,positive
I regret buying this.,negative
Absolutely fantastic experience.,positive
I regret buying this.,negative
"Very bad experience, do not buy.",negative
Exceeded my expectations!,positive
Waste of time and money.,negative
Extremely poor performance.,negative
Highly recommend this to everyone.,positive
Extremely poor performance.,negative
I hate this product.,negative
Waste of time and money.,negative
Waste of time and money.,negative
Great quality and amazing performance.,positive
Exceeded my expectations!,positive
"Brilliant product, will buy again.",positive
Completely unsatisfied and frustrated.,negative
Pathetic service and product.,negative
"Very bad experience, do not buy.",negative
I love this product!,positive
I regret buying this.,negative
Superb service and excellent quality.,positive
Exceeded my expectations!,positive
I hate this product.,negative
Not worth the money at all.,negative
Exceeded my expectations!,positive
Exceeded my expectations!,positive
Completely unsatisfied and frustrated.,negative
Totally impressed with this.,positive
"Terrible experience, very disappointed.",negative
I hate this product.,negative
Really happy with the purchase.,positive
Pathetic service and product.,negative
Completely unsatisfied and frustrated.,negative
"Terrible experience, very disappointed.",negative
Superb service and excellent quality.,positive
"Very bad experience, do not buy.",negative
Pathetic service and product.,negative
"Very bad experience, do not buy.",negative
Waste of time and money.,negative
Exceeded my expectations!,positive
Really happy with the purchase.,positive
I love this product!,positive
Extremely poor performance.,negative
Extremely poor performance.,negative
"Very bad experience, do not buy.",negative
Pathetic service and product.,negative
"Brilliant product, will buy again.",positive
Totally impressed with this.,positive
Not worth the money at all.,negative
Not worth the money at all.,negative
Worst quality I have ever seen.,negative
Extremely poor performance.,negative
"Very bad experience, do not buy.",negative
I love this product!,positive
Very satisfying and worth the money.,positive
I regret buying this.,negative
Worst quality I have ever seen.,negative
I regret buying this.,negative
Really happy with the purchase.,positive
"Brilliant product, will buy again.",positive
I love this product!,positive
Pathetic service and product.,negative
Not worth the money at all.,negative
Highly recommend this to everyone.,positive
Extremely poor performance.,negative
Exceeded my expectations!,positive
Pathetic service and product.,negative
Superb service and excellent quality.,positive
Highly recommend this to everyone.,positive
Really happy with the purchase.,positive
"Terrible experience, very disappointed.",negative
Extremely poor performance.,negative
I regret buying this.,negative
Highly recommend this to everyone.,positive
"Brilliant product, will buy again.",positive
"Brilliant product, will buy again.",positive
Totally impressed with this.,positive
Really happy with the purchase.,positive
Not worth the money at all.,negative
Completely unsatisfied and frustrated.,negative
Absolutely fantastic experience.,positive
Absolutely fantastic experience.,positive
Waste of time and money.,negative
I love this product!,positive
I love this product!,positive
Pathetic service and product.,negative
Exceeded my expectations!,positive
Extremely poor performance.,negative
Great quality and amazing performance.,positive
"Very bad experience, do not buy.",negative
Worst quality I have ever seen.,negative
Highly recommend this to everyone.,positive
Completely unsatisfied and frustrated.,negative
Superb service and excellent quality.,positive
Superb service and excellent quality.,positive
Pathetic service and product.,negative
Pathetic service and product.,negative
Completely unsatisfied and frustrated.,negative
"Very bad experience, do not buy.",negative
I hate this product.,negative
I love this product!,positive
Completely unsatisfied and frustrated.,negative
Extremely poor performance.,negative
"Brilliant product, will buy again.",positive
Very satisfying and worth the money.,positive
"Terrible experience, very disappointed.",negative
Completely unsatisfied and frustrated.,negative
Exceeded my expectations!,positive
Exceeded my expectations!,positive
Pathetic service and product.,negative
"Very bad experience, do not buy.",negative
Highly recommend this to everyone.,positive
Highly recommend this to everyone.,positive
I love this product!,positive
Extremely poor performance.,negative
Really happy with the purchase.,positive
Highly recommend this to everyone.,positive
Highly recommend this to everyone.,positive
I love this product!,positive
"Brilliant product, will buy again.",positive
Very satisfying and worth the money.,positive
Exceeded my expectations!,positive
Exceeded my expectations!,positive
"Brilliant product, will buy again.",positive
I love this product!,positive
Pathetic service and product.,negative
Not worth the money at all.,negative
Totally impressed with this.,positive
"Very bad experience, do not buy.",negative
Totally impressed with this.,positive
Superb service and excellent quality.,positive
"Very bad experience, do not buy.",negative
Superb service and excellent quality.,positive
Extremely poor performance.,negative
Pathetic service and product.,negative
Really happy with the purchase.,positive
Highly recommend this to everyone.,positive
Really happy with the purchase.,positive
"Brilliant product, will buy again.",positive
Worst quality I have ever seen.,negative
I love this product!,positive
I regret buying this.,negative
Completely unsatisfied and frustrated.,negative
Very satisfying and worth the money.,positive
Completely unsatisfied and frustrated.,negative
Waste of time and money.,negative
Absolutely fantastic experience.,positive
Completely unsatisfied and frustrated.,negative
Totally impressed with this.,positive
Exceeded my expectations!,positive
Totally impressed with this.,positive
Very satisfying and worth the money.,positive
"Very bad experience, do not buy.",negative
Great quality and amazing performance.,positive
"Brilliant product, will buy again.",positive
Really happy with the purchase.,positive
Completely unsatisfied and frustrated.,negative
Absolutely fantastic experience.,positive
Absolutely fantastic experience.,positive
I hate this product.,negative
I regret buying this.,negative
I regret buying this.,negative
"Terrible experience, very disappointed.",negative
Great quality and amazing performance.,positive
I regret buying this.,negative
Superb service and excellent quality.,positive
"Very bad experience, do not buy.",negative
Absolutely fantastic experience.,positive
Highly recommend this to everyone.,positive
"Brilliant product, will buy again.",positive
I regret buying this.,negative
Completely unsatisfied and frustrated.,negative
Completely unsatisfied and frustrated.,negative
Great quality and amazing performance.,positive
Very satisfying and worth the money.,positive
Worst quality I have ever seen.,negative
"Terrible experience, very disappointed.",negative
"Brilliant product, will buy again.",positive
I love this product!,positive
"Terrible experience, very disappointed.",negative
Totally impressed with this.,positive
Not worth the money at all.,negative
"Terrible experience, very disappointed.",negative
Highly recommend this to everyone.,positive
Waste of time and money.,negative
Totally impressed with this.,positive
Highly recommend this to everyone.,positive
Really happy with the purchase.,positive
Highly recommend this to everyone.,positive
Exceeded my expectations!,positive
Very satisfying and worth the money.,positive
Totally impressed with this.,positive
Great quality and amazing performance.,positive
Superb service and excellent quality.,positive
Completely unsatisfied and frustrated.,negative
Worst quality I have ever seen.,negative
Totally impressed with this.,positive
Pathetic service and product.,negative
Extremely poor performance.,negative
Totally impressed with this.,positive
Waste of time and money.,negative
Waste of time and money.,negative
Very satisfying and worth the money.,positive
Not worth the money at all.,negative
"Terrible experience, very disappointed.",negative
Really happy with the purchase.,positive
I regret buying this.,negative
Extremely poor performance.,negative
Exceeded my expectations!,positive
"Terrible experience, very disappointed.",negative
"Brilliant product, will buy again.",positive
Not worth the money at all.,negative
"Brilliant product, will buy again.",positive
Exceeded my expectations!,positive
Pathetic service and product.,negative
Superb service and excellent quality.,positive
I regret buying this.,negative
I love this product!,positive
Great quality and amazing performance.,positive
Superb service and excellent quality.,positive
Absolutely fantastic experience.,positive
Very satisfying and worth the money.,positive
Superb service and excellent quality.,positive
Very satisfying and worth the money.,positive
Really happy with the purchase.,positive
I hate this product.,negative
Highly recommend this to everyone.,positive
Highly recommend this to everyone.,positive
"Very bad experience, do not buy.",negative
Really happy with the purchase.,positive
Extremely poor performance.,negative
"Terrible experience, very disappointed.",negative
Very satisfying and worth the money.,positive
Completely unsatisfied and frustrated.,negative
Great quality and amazing performance.,positive
Great quality and amazing performance.,positive
Totally impressed with this.,positive
Extremely poor performance.,negative
Worst quality I have ever seen.,negative
"Very bad experience, do not buy.",negative
Highly recommend this to everyone.,positive
I love this product!,positive
"Brilliant product, will buy again.",positive
Superb service and excellent quality.,positive
Worst quality I have ever seen.,negative
Not worth the money at all.,negative
Really happy with the purchase.,positive
Completely unsatisfied and frustrated.,negative
Exceeded my expectations!,positive
Highly recommend this to everyone.,positive
Highly recommend this to everyone.,positive
Great quality and amazing performance.,positive
I regret buying this.,negative
"Very bad experience, do not buy.",negative
Great quality and amazing performance.,positive
Worst quality I have ever seen.,negative
I regret buying this.,negative
"Very bad experience, do not buy.",negative
Exceeded my expectations!,positive
Pathetic service and product.,negative
Totally impressed with this.,positive
"Terrible experience, very disappointed.",negative
Very satisfying and worth the money.,positive
Worst quality I have ever seen.,negative
Not worth the money at all.,negative
Pathetic service and product.,negative
I regret buying this.,negative
Worst quality I have ever seen.,negative
Completely unsatisfied and frustrated.,negative
Worst quality I have ever seen.,negative
"Terrible experience, very disappointed.",negative
Waste of time and money.,negative
Completely unsatisfied and frustrated.,negative
Totally impressed with this.,positive
"Very bad experience, do not buy.",negative
Waste of time and money.,negative
Pathetic service and product.,negative
Absolutely fantastic experience.,positive
Completely unsatisfied and frustrated.,negative
"Terrible experience, very disappointed.",negative
Really happy with the purchase.,positive
Extremely poor performance.,negative
Waste of time and money.,negative
Pathetic service and product.,negative
Totally impressed with this.,positive
Waste of time and money.,negative
Worst quality I have ever seen.,negative
"Terrible experience, very disappointed.",negative
I love this product!,positive
Totally impressed with this.,positive
"Very bad experience, do not buy.",negative
Totally impressed with this.,positive
"Very bad experience, do not buy.",negative
Superb service and excellent quality.,positive
Superb service and excellent quality.,positive
"Very bad experience, do not buy.",negative
Worst quality I have ever seen.,negative
Worst quality I have ever seen.,negative
"Terrible experience, very disappointed.",negative
Great quality and amazing performance.,positive
Extremely poor performance.,negative
Exceeded my expectations!,positive
I regret buying this.,negative
Exceeded my expectations!,positive
Really happy with the purchase.,positive
Highly recommend this to everyone.,positive
I hate this product.,negative
Waste of time and money.,negative
"Very bad experience, do not buy.",negative
Exceeded my expectations!,positive
Exceeded my expectations!,positive
"Brilliant product, will buy again.",positive
Absolutely fantastic experience.,positive
I love this product!,positive
Pathetic service and product.,negative
Worst quality I have ever seen.,negative
Highly recommend this to everyone.,positive
I love this product!,positive
"Brilliant product, will buy again.",positive
I love this product!,positive
"Very bad experience, do not buy.",negative
Great quality and amazing performance.,positive
Worst quality I have ever seen.,negative
Really happy with the purchase.,positive
Completely unsatisfied and frustrated.,negative
Not worth the money at all.,negative
"Brilliant product, will buy again.",positive
Pathetic service and product.,negative
"Very bad experience, do not buy.",negative
Very satisfying and worth the money.,positive
I love this product!,positive
Highly recommend this to everyone.,positive
Not worth the money at all.,negative
Really happy with the purchase.,positive
I regret buying this.,negative
Not worth the money at all.,negative
Superb service and excellent quality.,positive
I love this product!,positive
Worst quality I have ever seen.,negative
I regret buying this.,negative